Author,Category,Contents,Copyright Status,Credits,Downloads,EBook-No.,Illustrator,Language,LoC Class,LoC No.,Original Publication,Release Date,Subject,Title,file_urls,files
"Curtis, William, 1746-1799",Text,[1]—Iris Persica.   [2]—Rudbeckia purpurea.   [3]—Helleborus hyemalis.   [4]—Cyclamen Coum.   [5]—Erythronium Dens Canis.   [6]—Narcissus Minor.   [7]—Cynoglossum Omphalodes.   [8]—Helleborus Niger.   [9]—Iris pumila. [10]—Anemone Hepatica. [11]—Erica herbacea. [12]—Dodecatheon Meadia. [13]—Coronilla glauca. [14]—Primula villosa. [15]—Narcissus Jonquilla. [16]—Iris variegata. [17]—Cactus flagelliformis. [18]—Geranium Reichardi. [19]—Hemerocallis Flava. [20]—Geranium Peltatum. [21]—Iris Versicolor. [22]—Nigella damascena. [23]—Tropæolum majus. [24]—Agrostemma coronaria. [25]—Dianthus chinensis. [26]—Stapelia variegata. [27]—Convolvulus tricolor. [28]—Passiflora cœrulea. [29]—Reseda odorata. [30]—Lilium chalcedonicum. [31]—Jasminum officinale. [32]—Mesembryanthemum dolabriforme. [33]—Aster tenellus. [34]—Browallia elata. [35]—Crepis barbata. [36]—Lilium bulbiferum.,Public domain in the USA.,"Produced by Jason Isbell, Janet Blenkinship and the Online Distributed Proofreading Team at https: //www.pgdp.net  (This file made using scans of public domain works at the University of Georgia.)",121 downloads in the last 30 days.,17198,,English,QK: Science: Botany,,"LONDON: Printed by Couchman and Fry, Throgmorton-Street, For W. CURTIS, at his Botanic-Garden, Lambeth-Marsh; And Sold by the principal Booksellers in Great-Britain and Ireland. M DCC XC.","Dec 2, 2005",Botanical illustration -- Periodicals,"The Botanical Magazine, Vol. 01 Or, Flower-Garden Displayed",https://www.gutenberg.org/ebooks/17198.txt.utf-8,"[{'url': 'https://www.gutenberg.org/ebooks/17198.txt.utf-8', 'path': '17198.txt', 'checksum': '18efe0d129040b34f315b0ef0c7ec461', 'status': 'downloaded'}]"
"Grandville, J. J., 1803-1847",Text,,Public domain in the USA.,Produced by Claudine Corbasson and the Online Distributed Proofreading Team at http: //www.pgdp.net  (This file was produced from images generously made available by The Internet Archive/Canadian Libraries),129 downloads in the last 30 days.,54972,Maubert,French,"NC: Fine Arts: Drawing, Design, Illustration",,,"Jun 24, 2017",Flowers in art,Les fleurs animées - Tome 1,https://www.gutenberg.org/ebooks/54972.txt.utf-8,"[{'url': 'https://www.gutenberg.org/ebooks/54972.txt.utf-8', 'path': '54972.txt', 'checksum': 'c4f89d754b74034bad26731808dc1393', 'status': 'downloaded'}]"
"Darwin, Erasmus, 1731-1802",Text,,Public domain in the USA.,,98 downloads in the last 30 days.,9612,,English,PR: Language and Literatures: English literature,,,"Jan 1, 2006",Portland Vase,"The Botanic Garden, a Poem in Two Parts. Part 1: the Economy of Vegetation",https://www.gutenberg.org/ebooks/9612.txt.utf-8,"[{'url': 'https://www.gutenberg.org/ebooks/9612.txt.utf-8', 'path': '9612.txt', 'checksum': 'fdcab6bff2852bcdc778ec9ff9a606d3', 'status': 'downloaded'}]"
"Cooke, Arthur O. (Arthur Owens), 1867-1930",Text,,Public domain in the USA.,"Produced by Bryan Ness, David Garcia and the Online Distributed Proofreading Team.",129 downloads in the last 30 days.,13347,,English,QK: Science: Botany,,,"Sep 1, 2004",Wild flowers -- Great Britain,Wildflowers of the Farm,https://www.gutenberg.org/ebooks/13347.txt.utf-8,"[{'url': 'https://www.gutenberg.org/ebooks/13347.txt.utf-8', 'path': '13347.txt', 'checksum': '89cf0d80bc3724c1918f8aa1359650a3', 'status': 'downloaded'}]"
"Phillip, Arthur, 1738-1814",Text,,Public domain in the USA.,Produced by Col Choat,84 downloads in the last 30 days.,15100,,English,DU: History: General and Eastern Hemisphere: History of Oceania (South Seas),,,"Feb 18, 2005",Norfolk Island,The Voyage of Governor Phillip to Botany Bay With an Account of the Establishment of the Colonies of Port Jackson and Norfolk Island (1789),https://www.gutenberg.org/ebooks/15100.txt.utf-8,"[{'url': 'https://www.gutenberg.org/ebooks/15100.txt.utf-8', 'path': '15100.txt', 'checksum': '71c3f9f5d189e00a57dec62ced9f6327', 'status': 'downloaded'}]"
"Taylor, Norman, 1883-1967",Text,,Public domain in the USA.,"Produced by Juliet Sutherland, Chuck Greif and the Online Distributed Proofreading Team at http: //www.pgdp.net",93 downloads in the last 30 days.,49211,,English,QK: Science: Botany,,,"Jun 14, 2015",Botany -- Textbooks,Botany: The Science of Plant Life,https://www.gutenberg.org/ebooks/49211.txt.utf-8,"[{'url': 'https://www.gutenberg.org/ebooks/49211.txt.utf-8', 'path': '49211.txt', 'checksum': '11824404e4adb660a83cccd8486a5c00', 'status': 'downloaded'}]"
"Cathrall, William",Text,,Public domain in the USA.,,98 downloads in the last 30 days.,63840,"Cruikshank, Robert, 1789-1856",English,"DA: History: General and Eastern Hemisphere: Great Britain, Ireland, Central Europe",02022905,,"Nov 22, 2020",Natural history -- England -- Shropshire,"The History of Oswestry Comprising the British, Saxon, Norman, and English eras; the topography of the borough; and its ecclesiastical and civic history; with notices of botany, geology, statistics, angling, and biography: to which are added sketches of the environs",https://www.gutenberg.org/ebooks/63840.txt.utf-8,"[{'url': 'https://www.gutenberg.org/ebooks/63840.txt.utf-8', 'path': '63840.txt', 'checksum': '76aafdcb14d68954236df3edba40a384', 'status': 'downloaded'}]"
"Arber, Agnes Robertson, 1879-1960",Text,,Public domain in the USA.,"Produced by Chris Curnow, Turgut Dincer and the Online Distributed Proofreading Team at http: //www.pgdp.net  (This file was produced from images generously made available by The Internet Archive)",151 downloads in the last 30 days.,46889,,English,QK: Science: Botany,agr13000223,,"Sep 18, 2014",Botany -- Europe -- History,"Herbals, Their Origin and Evolution: A Chapter in the History of Botany 1470-1670",https://www.gutenberg.org/ebooks/46889.txt.utf-8,"[{'url': 'https://www.gutenberg.org/ebooks/46889.txt.utf-8', 'path': '46889.txt', 'checksum': '104675f5cf47c6a2abb60ae1eac57d86', 'status': 'downloaded'}]"
"Darwin, Francis, Sir, 1848-1925",Text,,Public domain in the USA.,Updated: 2022-08-28,100 downloads in the last 30 days.,5605,,English,QK: Science: Botany,,,"May 1, 2004",Geotropism,The Power of Movement in Plants,https://www.gutenberg.org/ebooks/5605.txt.utf-8,"[{'url': 'https://www.gutenberg.org/ebooks/5605.txt.utf-8', 'path': '5605.txt', 'checksum': '98ce86a01b4d1bb2f45f242cdadd45ad', 'status': 'downloaded'}]"
"Ellacombe, Henry Nicholson, 1821-1916",Text,,Public domain in the USA.,"Produced by Irma Spehar, Michael Zeug, Lisa Reigel, and the Online Distributed Proofreading Team at https: //www.pgdp.net  (This file was produced from images generously made available by The Internet Archive/Canadian Libraries)",159 downloads in the last 30 days.,28407,,English,PR: Language and Literatures: English literature,,,"Mar 25, 2009",Plants in literature,The plant-lore & garden-craft of Shakespeare,https://www.gutenberg.org/ebooks/28407.txt.utf-8,"[{'url': 'https://www.gutenberg.org/ebooks/28407.txt.utf-8', 'path': '28407.txt', 'checksum': '1da60b3d087ebb15946df36cf329f775', 'status': 'downloaded'}]"
"Tilton, George Henry, 1845-",Text,,Public domain in the USA.,"Produced by Charles Aldarondo, Keren Vergon, Leonard D Johnson and PG Distributed Proofreaders",156 downloads in the last 30 days.,11365,,English,QK: Science: Botany,,,"Feb 1, 2004",Ferns -- Canada,The Fern Lover's Companion A Guide for the Northeastern States and Canada,https://www.gutenberg.org/ebooks/11365.txt.utf-8,"[{'url': 'https://www.gutenberg.org/ebooks/11365.txt.utf-8', 'path': '11365.txt', 'checksum': '63ac00e7bdbb6855d69a0a173f9d36b3', 'status': 'downloaded'}]"
"Darwin, Charles, 1809-1882",Text,,Public domain in the USA.,,94 downloads in the last 30 days.,3332,,English,QH: Science: Natural history,,,"Jul 1, 2002","Plants, Cultivated",The Variation of Animals and Plants under Domestication,https://www.gutenberg.org/ebooks/3332.txt.utf-8,"[{'url': 'https://www.gutenberg.org/ebooks/3332.txt.utf-8', 'path': '3332.txt', 'checksum': '736c6a1d58e60f37a57d632d0da59e92', 'status': 'downloaded'}]"
"Blanchan, Neltje, 1865-1918",Text,,Public domain in the USA.,Produced by Project Gutenberg Distributed Proofreaders,180 downloads in the last 30 days.,8866,,English,QK: Science: Botany,,,"Sep 1, 2005",Wild flowers -- North America,Wild Flowers Worth Knowing,https://www.gutenberg.org/ebooks/8866.txt.utf-8,"[{'url': 'https://www.gutenberg.org/ebooks/8866.txt.utf-8', 'path': '8866.txt', 'checksum': 'b621b36ffbe90bfe170d4918069c545d', 'status': 'downloaded'}]"
"Strasburger, Eduard, 1844-1912",Text,,Public domain in the USA.,"Peter Becker, Reiner Ruf, and the Online Distributed Proofreading Team at https: //www.pgdp.net  (This file was produced from images generously made available by The Internet Archive)",87 downloads in the last 30 days.,63371,,German,QK: Science: Botany,,,"Oct 4, 2020",Botany -- Textbooks,Lehrbuch der Botanik für Hochschulen,https://www.gutenberg.org/ebooks/63371.txt.utf-8,"[{'url': 'https://www.gutenberg.org/ebooks/63371.txt.utf-8', 'path': '63371.txt', 'checksum': 'c3e7c9ebb44b79fa563aa01b565c3733', 'status': 'downloaded'}]"
"Fernie, William Thomas, 1830-",Text,,Public domain in the USA.,,169 downloads in the last 30 days.,19352,,English,QK: Science: Botany,,,"Sep 22, 2006","Botany, Medical",Herbal Simples Approved for Modern Uses of Cure,https://www.gutenberg.org/ebooks/19352.txt.utf-8,"[{'url': 'https://www.gutenberg.org/ebooks/19352.txt.utf-8', 'path': '19352.txt', 'checksum': '05cae9eff4fbc2a15abf0ff82706d808', 'status': 'downloaded'}]"
"Tadulinga Mudaliyar, C.",Text,,Public domain in the USA.,"Produced by Suzanne Lybarger, John Hagerson, Juliet Sutherland, Leonard Johnson and the Online Distributed Proofreading Team at http: //www.pgdp.net  (This file was produced from images generously made available by The Internet Archive/Million Book Project)",195 downloads in the last 30 days.,24063,,English,QK: Science: Botany,,,"Dec 28, 2007","Plants -- India, South",A Handbook of Some South Indian Grasses,https://www.gutenberg.org/ebooks/24063.txt.utf-8,"[{'url': 'https://www.gutenberg.org/ebooks/24063.txt.utf-8', 'path': '24063.txt', 'checksum': 'e72b8b518ea74f4c7596b00d1a53e1db', 'status': 'downloaded'}]"
"Darwin, Erasmus, 1731-1802",Text,,Public domain in the USA.,,195 downloads in the last 30 days.,10671,,English,PR: Language and Literatures: English literature,,,"Jan 1, 2004",Plants -- Poetry,"The Botanic Garden. Part 2, Containing the Loves of the Plants. A Poem. With Philosophical Notes.",https://www.gutenberg.org/ebooks/10671.txt.utf-8,"[{'url': 'https://www.gutenberg.org/ebooks/10671.txt.utf-8', 'path': '10671.txt', 'checksum': '75f8585286556556cd83204124346d81', 'status': 'downloaded'}]"
"Maeterlinck, Maurice, 1862-1949",Text,L'intelligence des fleurs -- Les parfums -- La mesure des heures -- L'inquiétude de notre morale -- Éloge de la boxe -- A propos du Roi Lear -- Les dieux de la guerre -- Le pardon des injures -- L'accident -- Notre devoir social -- L'immortalité.,Public domain in the USA.,"Laurent Vogel, Chuck Greif and the Online Distributed Proofreading Team at https: //www.pgdp.net  (This file was produced from images generously made available by The Internet Archive/Canadian Libraries)",51 downloads in the last 30 days.,62114,,French,"PQ: Language and Literatures: Romance literatures: French, Italian, Spanish, Portuguese",,,"May 14, 2020",Flowers,L'intelligence des fleurs,https://www.gutenberg.org/ebooks/62114.txt.utf-8,"[{'url': 'https://www.gutenberg.org/ebooks/62114.txt.utf-8', 'path': '62114.txt', 'checksum': '14a2cfd1efbf4808ab707cb1692b38a6', 'status': 'downloaded'}]"
"Andrews, Henry Cranke, active 1799-1828",Text,,Public domain in the USA.,Chuck Greif and the Online Distributed Proofreading Team at http: //www.pgdp.net  (This file was produced from images available at The Biodiversity Heritage Library),51 downloads in the last 30 days.,69992,,English,SB: Agriculture: Plant culture,,"United Kingdom: The author, 1797.","Feb 8, 2023",Rare plants -- Pictorial works,The botanist's repository for new and rare plants; vols 1 & 2 [of 10],https://www.gutenberg.org/ebooks/69992.txt.utf-8,"[{'url': 'https://www.gutenberg.org/ebooks/69992.txt.utf-8', 'path': '69992.txt', 'checksum': '2d45ee09ccaa89585348a46ecaa01968', 'status': 'downloaded'}]"
"Reinhardt, Ludwig, 1864-1921",Text,,Public domain in the USA.,"Peter Becker, Reiner Ruf, the University of Michigan and the Online Distributed Proofreading Team at https: //www.pgdp.net  (This file was produced from images generously made available by The Internet Archive)",53 downloads in the last 30 days.,61776,,German,SB: Agriculture: Plant culture,,,"Apr 7, 2020","Botany, Economic","Kulturgeschichte der Nutzpflanzen, Band IV, 2. Hälfte",https://www.gutenberg.org/ebooks/61776.txt.utf-8,"[{'url': 'https://www.gutenberg.org/ebooks/61776.txt.utf-8', 'path': '61776.txt', 'checksum': 'cea175e190b43ba6447fff3dbaee4096', 'status': 'downloaded'}]"
"Beal, W. J. (William James), 1833-1924",Text,,Public domain in the USA.,"Produced by Betsie Bush, Dave Morgan, Leonard Johnson and the Online Distributed Proofreading Team at https: //www.pgdp.net",25 downloads in the last 30 days.,33679,,English,SB: Agriculture: Plant culture,,,"Sep 9, 2010",Weeds -- Michigan -- Identification,Seeds of Michigan Weeds,https://www.gutenberg.org/ebooks/33679.txt.utf-8,"[{'url': 'https://www.gutenberg.org/ebooks/33679.txt.utf-8', 'path': '33679.txt', 'checksum': 'e9ffb4bc0ba15785c9d9ab064698bd93', 'status': 'downloaded'}]"
,Text,"The origin of species in summary / C. Darwin -- How ""The origin of species"" came to be written / C. Darwin -- The descent of man : the argument in brief / C. Darwin -- Mimicry and other protective resemblances among animals / A. R. Wallace -- Evolution of the horse / T. H. Huxley -- Fighting pests with insects allies / L. O. Howard -- The strange story of the flowers : a chapter in modern botany / G. Iles.",Public domain in the USA.,"Produced by Sigal Alon, Marcia Brooks, Fox in the Stars and the Online Distributed Proofreading Team at https: //www.pgdp.net",27 downloads in the last 30 days.,29739,,English,QH: Science: Natural history,02022703,,"Aug 20, 2009",Evolution (Biology),Little Masterpieces of Science: The Naturalist as Interpreter and Seer,https://www.gutenberg.org/ebooks/29739.txt.utf-8,"[{'url': 'https://www.gutenberg.org/ebooks/29739.txt.utf-8', 'path': '29739.txt', 'checksum': '74c66fb118254057757fed3c23257cd9', 'status': 'downloaded'}]"
"Coulter, John Merle, 1851-1928",Text,,Public domain in the USA.,,26 downloads in the last 30 days.,1221,,English,QK: Science: Botany,,,"Feb 1, 1998",Plants -- North America,"A Preliminary Revision of the North American Species of Cactus, Anhalonium, and Lophophora",https://www.gutenberg.org/ebooks/1221.txt.utf-8,"[{'url': 'https://www.gutenberg.org/ebooks/1221.txt.utf-8', 'path': '1221.txt', 'checksum': 'ec0f255b61e54f3a0f059df700f82985', 'status': 'downloaded'}]"
"Curtis, William, 1746-1799",Text,[37]—Chironia Frutescens. [38]—Viburnum Tinus. [39]—Franklin's Tartar. [40]—Trillium sessile. [41]—Calceolaria pinnata. [42]—Camellia Japonica. [43]—Cistus incanus. [44]—Cyclamen persicum. [45]—Crocus vernus. [46]—Leucojum vernum. [47]—Amaryllis formosissima. [48]—Narcissus triandrus. [49]—Soldanella alpina. [50]—Iris sibirica. [51]—Narcissus major. [52]—Gentiana Acaulis. [53]—Cineraria Lanata. [54]—Anemone Sylvestris. [55]—Geranium striatum. [56]—Geranium Lanceolatum. [57]—Papaver Orientale. [58]—Iris Spuria. [59]—Mesembryanthemum Bicolorum. [60]—Lathyrus odoratus. [61]—Iris ochroleuca. [62]—Centaurea Glastifolia. [63]—Fragaria monophylla. [64]—Hemerocallis fulva. [65]—Clematis integrifolia. [66]—Passiflora alata. [67]—Mesembryanthemum pinnatifidum. [68]—Sempervivum arachnoideum. [69]—Rosa muscosa. [70]—Mesembryanthemum Barbatum. [71]—Statice sinuata. [72]—Helleborus lividus.,Public domain in the USA.,"Produced by Jason Isbell, Janet Blenkinship and the Online Distributed Proofreading Team at http: //www.pgdp.net  (This file made using scans of public domain works at the University of Georgia.)",30 downloads in the last 30 days.,17531,,English,QK: Science: Botany,,"LONDON: Printed by Couchman and Fry, Throgmorton-Street, For W. CURTIS, at his Botanic-Garden, Lambeth-Marsh; And Sold by the principal Booksellers in Great-Britain and Ireland. M DCC XC.","Jan 16, 2006",Botanical illustration -- Periodicals,"The Botanical Magazine, Vol. 02 Or, Flower-Garden Displayed",https://www.gutenberg.org/ebooks/17531.txt.utf-8,"[{'url': 'https://www.gutenberg.org/ebooks/17531.txt.utf-8', 'path': '17531.txt', 'checksum': '4a0cf2726ecb5cdb1d8f12de2fcb1abb', 'status': 'downloaded'}]"
"Pansy, 1841-1930",Text,"Railroad building -- A very sly fellow -- Mabel's ""inasmuch"" -- Fretting Lettie -- How Rosie helped -- Mrs. Browne's botany class.",Public domain in the USA.,,29 downloads in the last 30 days.,71478,,English,PZ: Language and Literatures: Juvenile belles lettres,,"Boston: D. Lothrop Company, 1885.","Aug 24, 2023","Children's stories, American","Railroad building, and other stories",https://www.gutenberg.org/ebooks/71478.txt.utf-8,"[{'url': 'https://www.gutenberg.org/ebooks/71478.txt.utf-8', 'path': '71478.txt', 'checksum': '1c4a2af8af6d20587010f8fa7a74e865', 'status': 'downloaded'}]"
"Loudon, Mrs. (Jane), 1807-1858",Text,,Public domain in the USA.,"Produced by Chris Curnow, Turgut Dincer and the Online Distributed Proofreading Team at http: //www.pgdp.net  (This file was produced from images generously made available by The Internet Archive)",35 downloads in the last 30 days.,47039,,English,QK: Science: Botany,05025369,,"Oct 4, 2014",Plants -- Classification,"Botany for Ladies or, A Popular Introduction to the Natural System of Plants, According to the Classification of De Candolle.",https://www.gutenberg.org/ebooks/47039.txt.utf-8,"[{'url': 'https://www.gutenberg.org/ebooks/47039.txt.utf-8', 'path': '47039.txt', 'checksum': 'ed440e4352e75956c4a280ce4c96165d', 'status': 'downloaded'}]"
"Silva, Ercole, 1756-1840",Text,,Public domain in the USA.,Produced by Barbara Magni and the Online Distributed Proofreading Team at http: //www.pgdp.net  (This file was produced from images made available by The Internet Archive),28 downloads in the last 30 days.,56482,"Levati, Giuseppe, 1739-1828",Italian,SB: Agriculture: Plant culture,,,"Feb 1, 2018","Gardens, English",Dell'arte dei giardini inglesi,https://www.gutenberg.org/ebooks/56482.txt.utf-8,"[{'url': 'https://www.gutenberg.org/ebooks/56482.txt.utf-8', 'path': '56482.txt', 'checksum': 'bec2897bea4201b4b02a719ce5837a2b', 'status': 'downloaded'}]"
"Darwin, Charles, 1809-1882",Text,,Public domain in the USA.,,30 downloads in the last 30 days.,2872,,English,QH: Science: Natural history,,,"Oct 1, 2001","Plants, Cultivated",The Variation of Animals and Plants under Domestication — Volume 2,https://www.gutenberg.org/ebooks/2872.txt.utf-8,"[{'url': 'https://www.gutenberg.org/ebooks/2872.txt.utf-8', 'path': '2872.txt', 'checksum': 'a3a13011b7bc5187a77fd323215d92dd', 'status': 'downloaded'}]"
,Text,"Introduction -- Robert Morison and John Ray, by S.H. Vines -- Nehemiah Grew, by A. Arber -- Stephen Hales, by F. Darwin -- John Hill, by T.G. Hill -- Robert Brown, by J.B. Farmer -- Sir William Hooker, by F.O. Bower -- John Stevens Henslow, by G. Henslow -- John Lindley, by F. Keeble -- William Griffith, by W.H. Lang -- Arthur Henfrey, by F.W. Oliver -- William Henry Harvey, by R.L. Praeger -- Miles Joseph Berkeley, by G. Massee -- Sir Joseph Henry Gilbert, by W.B. Bottomley -- William Crawford Williamson, by D.H. Scott -- Harry Marshall Ward, by Sir W. Thiselton-Dyer -- A sketch of the professors of botany in Edinburgh from 1670 until 1887, by I.B. Balfour -- Sir Joseph Dalton Hooker, by F.O. Bower.",Public domain in the USA.,"Produced by Charlene Taylor, Bryan Ness, John Campbell and the Online Distributed Proofreading Team at http: //www.pgdp.net  (This file was produced from images generously made available by The Internet Archive/American Libraries.)",32 downloads in the last 30 days.,46415,,English,QK: Science: Botany,13015586,,"Jul 26, 2014",Botanists -- Great Britain -- Biography,Makers of British Botany; a collection of biographies by living botanists,https://www.gutenberg.org/ebooks/46415.txt.utf-8,"[{'url': 'https://www.gutenberg.org/ebooks/46415.txt.utf-8', 'path': '46415.txt', 'checksum': '3aba4b14b65d8f3aefc6fab1439d65b3', 'status': 'downloaded'}]"
"Sachs, Julius, 1832-1897",Text,,Public domain in the USA.,"Turgut Dincer, Les Galloway and the Online Distributed Proofreading Team at http: //www.pgdp.net  (This file was produced from images generously made available by The Internet Archive)",32 downloads in the last 30 days.,61240,,English,QK: Science: Botany,04009011,,"Jan 25, 2020",Botany -- History,History of Botany (1530-1860),https://www.gutenberg.org/ebooks/61240.txt.utf-8,"[{'url': 'https://www.gutenberg.org/ebooks/61240.txt.utf-8', 'path': '61240.txt', 'checksum': '7ce14acd988a166c682a1d48c140f67d', 'status': 'downloaded'}]"
"Stockberger, W. W. (Warner Webster), 1872-1944",Text,,Public domain in the USA.,Tom Cosmas,38 downloads in the last 30 days.,62715,,English,S: Agriculture,,,"Jul 20, 2020",Medicinal plants -- Culture -- United States,Drug Plants Under Cultivation,https://www.gutenberg.org/ebooks/62715.txt.utf-8,"[{'url': 'https://www.gutenberg.org/ebooks/62715.txt.utf-8', 'path': '62715.txt', 'checksum': '55ee9bff76fed76c09fb3bd2b790bb93', 'status': 'downloaded'}]"
"Salisbury, William, -1823",Text,,Public domain in the USA.,,35 downloads in the last 30 days.,12363,,English,QK: Science: Botany,,,"May 1, 2004",Plants -- Great Britain,"The Botanist's Companion, Volume II Or an Introduction to the Knowledge of Practical Botany, and the Uses of Plants. Either Growing Wild in Great Britain, or Cultivated for the Puroses of Agriculture, Medicine, Rural Oeconomy, or the Arts",https://www.gutenberg.org/ebooks/12363.txt.utf-8,"[{'url': 'https://www.gutenberg.org/ebooks/12363.txt.utf-8', 'path': '12363.txt', 'checksum': 'fae24c6b1b8a6493960439e639ad34fe', 'status': 'downloaded'}]"
Various,Text,"La leggenda del vino / Arturo Graf -- La chimica del vino / Alfonso Cossa -- Il vino nei costumi dei popoli / Corrado Corradino -- I nemici del vino / Michele Lessona -- Il commercio del vino / S. Cognetti de Martiis -- La botanica del vino / Giovanni Arcangeli -- Gli effetti fisiologici del vino / Angelo Mosso -- I poeti del vino / Giuseppe Giacosa -- Il vino e la salute / Giulio Bizzozero -- Il vino nel delitto, nel suicidio e nella pazzia / Cesare Lombroso -- Gli effetti psicologici del vino / Edmondo de Amicis. --",Public domain in the USA.,"Produced by Enrico Segre and the distributed proofreaders team at DP-Italia, http: //dp-test.dm.unipi.it  Scans provided by OPAL libri antichi, UniversitÃ  degli Studi di Torino, http: //www.opal.unito.it",38 downloads in the last 30 days.,48913,,Italian,TP: Technology: Chemical technology,,,"May 9, 2015",Wine -- Physiological effect,Il Vino: Undici conferenze fatte nell'inverno dell'anno 1880,https://www.gutenberg.org/ebooks/48913.txt.utf-8,"[{'url': 'https://www.gutenberg.org/ebooks/48913.txt.utf-8', 'path': '48913.txt', 'checksum': '4786bb8d1f19fce6c030714506d30bbd', 'status': 'downloaded'}]"
"Gray, Asa, 1810-1888",Text,,Public domain in the USA.,Produced by John Williams and the Online Distributed Proofreading Team at http: //www.pgdp.net,33 downloads in the last 30 days.,39423,,English,QK: Science: Botany,,,"Apr 11, 2012",Plants -- United States,The Manual of the Botany of the Northern United States Including the District East of the Mississippi and North of North Carolina and Tennessee,https://www.gutenberg.org/ebooks/39423.txt.utf-8,"[{'url': 'https://www.gutenberg.org/ebooks/39423.txt.utf-8', 'path': '39423.txt', 'checksum': '8604b79e0c7aab4fb12a11663872c255', 'status': 'downloaded'}]"
"Darwin, Charles, 1809-1882",Text,,Public domain in the USA.,,37 downloads in the last 30 days.,2871,,English,QH: Science: Natural history,,,"Oct 1, 2001","Plants, Cultivated",The Variation of Animals and Plants under Domestication — Volume 1,https://www.gutenberg.org/ebooks/2871.txt.utf-8,"[{'url': 'https://www.gutenberg.org/ebooks/2871.txt.utf-8', 'path': '2871.txt', 'checksum': '44501ae093d5bc2bc9e826031230249c', 'status': 'downloaded'}]"
"Reid, Mayne, 1818-1883",Text,,Public domain in the USA.,"Produced by Nick Hodson of London, England",41 downloads in the last 30 days.,21239,,English,PZ: Language and Literatures: Juvenile belles lettres,,,"Apr 27, 2007",Himalaya Mountains -- Juvenile fiction,"The Cliff Climbers A Sequel to ""The Plant Hunters""",https://www.gutenberg.org/ebooks/21239.txt.utf-8,"[{'url': 'https://www.gutenberg.org/ebooks/21239.txt.utf-8', 'path': '21239.txt', 'checksum': '15e5db1ee6db13bdb79d0469200074ab', 'status': 'downloaded'}]"
"Simmonds, P. L. (Peter Lund), 1814-1897",Text,,Public domain in the USA.,"Produced by Olaf Voss, Stephen Schulze and the Online Distributed Proofreading Team.",43 downloads in the last 30 days.,15191,,English,SB: Agriculture: Plant culture,,,"Feb 27, 2005","Botany, Economic","The Commercial Products of the Vegetable Kingdom Considered in Their Various Uses to Man and in Their Relation to the Arts and Manufactures; Forming a Practical Treatise & Handbook of Reference for the Colonist, Manufacturer, Merchant, and Consumer, on the Cultivation, Preparation for Shipment, and Commercial Value, &c. of the Various Substances Obtained From Trees and Plants, Entering into the Husbandry of Tropical and Sub-tropical Regions, &c.",https://www.gutenberg.org/ebooks/15191.txt.utf-8,"[{'url': 'https://www.gutenberg.org/ebooks/15191.txt.utf-8', 'path': '15191.txt', 'checksum': '9d7189840e91db40665017bc7e4bdcfe', 'status': 'downloaded'}]"
"Holdsworth, J. H.",Text,,Public domain in the USA.,Produced by Chuck Greif and the Online Distributed Proofreading Team at http: //www.pgdp.net,3 downloads in the last 30 days.,33473,,English,"DC: History: General and Eastern Hemisphere: France, Andorra, Monaco",,,"Aug 20, 2010",Hydrotherapy -- France,Memoranda on Tours and Touraine Including remarks on the climate with a sketch of the Botany And Geology of the Province also on the Wines and Mineral Waters of France,https://www.gutenberg.org/ebooks/33473.txt.utf-8,"[{'url': 'https://www.gutenberg.org/ebooks/33473.txt.utf-8', 'path': '33473.txt', 'checksum': 'c5b3090da0fc33fd73067da52763b7fc', 'status': 'downloaded'}]"
"Hanbury, Daniel, 1825-1875",Text,,Public domain in the USA.,Peter Becker and the Online Distributed Proofreading Team at https: //www.pgdp.net,43 downloads in the last 30 days.,67691,,English,RS: Medicine: Pharmacy and materia medica,a11001787,"en: Macmillan and Co.,1879.","Mar 23, 2022","Materia medica, Vegetable -- Great Britain","Pharmacographia A history of the principal drugs of vegetable origin, met with in Great Britain and British India",https://www.gutenberg.org/ebooks/67691.txt.utf-8,"[{'url': 'https://www.gutenberg.org/ebooks/67691.txt.utf-8', 'path': '67691.txt', 'checksum': '980391eb6fc086ab4165317c3c535e86', 'status': 'downloaded'}]"
"Reid, Mayne, 1818-1883",Text,,Public domain in the USA.,Timo Ervasti and Tapio Riikonen,4 downloads in the last 30 days.,63381,,Finnish,PZ: Language and Literatures: Juvenile belles lettres,,,"Oct 5, 2020",Himalaya Mountains -- Juvenile fiction,Saarroksissa Himalajalla: Saksalaisten veljesten seikkailuja,https://www.gutenberg.org/ebooks/63381.txt.utf-8,"[{'url': 'https://www.gutenberg.org/ebooks/63381.txt.utf-8', 'path': '63381.txt', 'checksum': '43aaf795035d2b5fe19ff2b2ce36d9c1', 'status': 'downloaded'}]"
"Forster, Georg, 1754-1794",Text,,Public domain in the USA.,Produced by Omaio Systems,7 downloads in the last 30 days.,34914,,Latin,QK: Science: Botany,,,"Jan 11, 2011","Botany, Economic -- Oceania",De Plantis Esculentis Insularum Oceani Australis Commentatio Botanica,https://www.gutenberg.org/ebooks/34914.txt.utf-8,"[{'url': 'https://www.gutenberg.org/ebooks/34914.txt.utf-8', 'path': '34914.txt', 'checksum': '0db8fb93c142c6f58420c07893dfc868', 'status': 'downloaded'}]"
,Text,,Public domain in the USA.,Produced by Rita Farinha and Alberto Manuel Brandão Simões (This book was produced from scanned images of public domain material from the Google Print project.),11 downloads in the last 30 days.,39107,,Portuguese,QK: Science: Botany,,,"Mar 11, 2012",Nicotiana,"Noções botanicas das especies de Nicociana mais usadas nas fabricas de tabaco, e da sua cultura",https://www.gutenberg.org/ebooks/39107.txt.utf-8,"[{'url': 'https://www.gutenberg.org/ebooks/39107.txt.utf-8', 'path': '39107.txt', 'checksum': '57c85e1bbc4e3a77ed0397952a189908', 'status': 'downloaded'}]"
"Cannon, William Austin, 1870-1958",Text,,Public domain in the USA.,Galo Flordelis (This file was produced from images generously made available by The Internet Archive),11 downloads in the last 30 days.,70581,,English,QK: Science: Botany,13017680,"United States: Carnegie Institution of Washington, 1913.","Apr 18, 2023",Roots (Botany),Botanical features of the Algerian Sahara,https://www.gutenberg.org/ebooks/70581.txt.utf-8,"[{'url': 'https://www.gutenberg.org/ebooks/70581.txt.utf-8', 'path': '70581.txt', 'checksum': '1a41eb55a93cdb30a95371a32e4aaf87', 'status': 'downloaded'}]"
"Bonwick, James, 1817-1906",Text,,Public domain in the USA.,Produced by David E. Brown and The Online Distributed Proofreading Team at http: //www.pgdp.net  (This file was produced from scans of public domain works at The National Library of Australia.),11 downloads in the last 30 days.,57142,,English,QK: Science: Botany,,,"May 12, 2018",Plant physiology -- Juvenile literature,"How Does a Tree Grow? Or, Botany for Young Australians",https://www.gutenberg.org/ebooks/57142.txt.utf-8,"[{'url': 'https://www.gutenberg.org/ebooks/57142.txt.utf-8', 'path': '57142.txt', 'checksum': '284add6334af4ecb35124ada5ff7a68c', 'status': 'downloaded'}]"
"Gray, Asa, 1810-1888",Text,,Public domain in the USA.,"Produced by Chuck Greif, Jana Srna, Bryan Ness and the Online Distributed Proofreading Team at http: //www.pgdp.net (This file was produced from images generously made available by Biodiversity Heritage Library.)",16 downloads in the last 30 days.,55987,,English,QK: Science: Botany,,,"Nov 17, 2017",Botanists -- United States -- Correspondence,Letters of Asa Gray; Vol. 2,https://www.gutenberg.org/ebooks/55987.txt.utf-8,"[{'url': 'https://www.gutenberg.org/ebooks/55987.txt.utf-8', 'path': '55987.txt', 'checksum': '6ea9031e5144bfdbc853fd8e907227e4', 'status': 'downloaded'}]"
"Marsili, Giovanni, 1727-1795",Text,,Public domain in the USA.,Produced In Memory of Sabine Glaser,16 downloads in the last 30 days.,15139,,Italian,QK: Science: Botany,,,"Feb 22, 2005",Botanical gardens -- Italy -- Padua,Notizie del pubblico giardino de' semplici di Padova compilate intorno l'anno 1771,https://www.gutenberg.org/ebooks/15139.txt.utf-8,"[{'url': 'https://www.gutenberg.org/ebooks/15139.txt.utf-8', 'path': '15139.txt', 'checksum': 'ad66feb05a47c99aff46536c78937003', 'status': 'downloaded'}]"
"Bonwick, James, 1817-1906",Text,,Public domain in the USA.,Produced by Martin Pettit and the Online Distributed Proofreading Team at http: //www.pgdp.net  (This file was produced from scans of public domain works at The National Library of Australia.),16 downloads in the last 30 days.,57344,,English,"G: Geography, Anthropology, Recreation",,,"Jun 17, 2018",New South Wales -- History -- To 1788,"Captain Cook in New South Wales; Or, The Mystery of Naming Botany Bay",https://www.gutenberg.org/ebooks/57344.txt.utf-8,"[{'url': 'https://www.gutenberg.org/ebooks/57344.txt.utf-8', 'path': '57344.txt', 'checksum': '767ee339872efb0e7910c453f94af91a', 'status': 'downloaded'}]"
"Smith, James Edward, 1759-1828",Text,,Public domain in the USA.,Produced by Omaio Systems,18 downloads in the last 30 days.,39534,,Latin,QK: Science: Botany,,,"Apr 25, 2012",Hymenophyllaceae,"Tentamen Botanicum de Filicum Generibus Dorsiferarum Mémoires de l'Académie Royale des Sciences de Turin vol. 5, 401-422",https://www.gutenberg.org/ebooks/39534.txt.utf-8,"[{'url': 'https://www.gutenberg.org/ebooks/39534.txt.utf-8', 'path': '39534.txt', 'checksum': 'd0c4ff34e7b8f880f8123d6c5c3e98a1', 'status': 'downloaded'}]"
"Duncan, P. Martin (Peter Martin), 1821-1891",Text,,Public domain in the USA.,"Sharon Joiner, Bryan Ness and the Online Distributed Proofreading Team at https: //www.pgdp.net  (This file was produced from images generously made available by The Internet Archive/Canadian Libraries)",19 downloads in the last 30 days.,70356,,English,QH: Science: Natural history,10006132,"United Kingdom: London Society for Promoting Christian Knowledge, 1882.","Mar 23, 2023",Naturalists,"Heroes of science :  Botanists, zoologists, and geologists",https://www.gutenberg.org/ebooks/70356.txt.utf-8,"[{'url': 'https://www.gutenberg.org/ebooks/70356.txt.utf-8', 'path': '70356.txt', 'checksum': 'ed3644ce34262dd73d7c3afa2cf27830', 'status': 'downloaded'}]"
"Darwin, Charles, 1809-1882",Text,,Public domain in the USA.,Updated: 2021-10-17,19 downloads in the last 30 days.,4346,,English,QK: Science: Botany,,,"Aug 1, 2003",Pollination,The Effects of Cross & Self-Fertilisation in the Vegetable Kingdom,https://www.gutenberg.org/ebooks/4346.txt.utf-8,"[{'url': 'https://www.gutenberg.org/ebooks/4346.txt.utf-8', 'path': '4346.txt', 'checksum': '1d563a6cb715e5a980b3d1789097b4e7', 'status': 'downloaded'}]"
"Grew, Nehemiah, 1641-1712",Text,,Public domain in the USA.,Produced by The Online Distributed Proofreading Team at http: //www.pgdp.net  (This file was produced from images generously made available by The Internet Archive),19 downloads in the last 30 days.,58138,,English,QK: Science: Botany,06005385,,"Oct 19, 2018",Botany -- Pre-Linnean works,The Anatomy of Vegetables Begun With a General Account of Vegetation founded thereon,https://www.gutenberg.org/ebooks/58138.txt.utf-8,"[{'url': 'https://www.gutenberg.org/ebooks/58138.txt.utf-8', 'path': '58138.txt', 'checksum': '04e36d4b0151c2a45db7180d62417744', 'status': 'downloaded'}]"
"Balfour, John Hutton, 1808-1884",Text,,Public domain in the USA.,"Produced by Brian Coe, John Campbell and the Online Distributed Proofreading Team at http: //www.pgdp.net  (This file was produced from images generously made available by The Internet Archive/American Libraries.)",19 downloads in the last 30 days.,50882,,English,QE: Science: Geology,06010144,,"Jan 9, 2016",Paleobotany,Introduction to the Study of Palæontological Botany,https://www.gutenberg.org/ebooks/50882.txt.utf-8,"[{'url': 'https://www.gutenberg.org/ebooks/50882.txt.utf-8', 'path': '50882.txt', 'checksum': 'ebbc5a55a4018210be6349b3e772e6da', 'status': 'downloaded'}]"
"Schimper, A. F. W. (Andreas Franz Wilhelm), 1856-1901",Text,,Public domain in the USA.,,19 downloads in the last 30 days.,23672,,German,QK: Science: Botany,,,"Dec 2, 2007",Botany -- Tropics,Die epiphytische Vegetation Amerikas,https://www.gutenberg.org/ebooks/23672.txt.utf-8,"[{'url': 'https://www.gutenberg.org/ebooks/23672.txt.utf-8', 'path': '23672.txt', 'checksum': '515781ca39cab79bf9ae23931215dbbf', 'status': 'downloaded'}]"
Various,Text,,Public domain in the USA.,Produced by The Online Distributed Proofreading Team at http: //www.pgdp.net  (This file was produced from images generously made available by The Internet Archive),21 downloads in the last 30 days.,58276,,English,SB: Agriculture: Plant culture,,,"Nov 11, 2018",Floriculture -- Periodicals,"The Florist and Horticultural Journal, Vol. II. No. 7, July, 1853 A Monthly Magazine of Horticulture, Agriculture, Botany, Agricultural Chemistry, Entomology, &c.",https://www.gutenberg.org/ebooks/58276.txt.utf-8,"[{'url': 'https://www.gutenberg.org/ebooks/58276.txt.utf-8', 'path': '58276.txt', 'checksum': '48b1f55f90d1ff5cb6dfb034088eeb07', 'status': 'downloaded'}]"
"Machado de Assis, 1839-1908",Text,A Carolina -- Pae contra mãe -- Maria Cora -- Marcha funebre -- Um capitão de voluntarios -- Suje-se gordo!--Umas ferias -- Evolução -- Pylades e Orestes -- Anecdota do cabriolet -- Paginas criticas e commemorativas -- Não consultes medico -- Licção de botanica.,Public domain in the USA.,"Rita Farinha, Alberto Manuel Brandão Simões and the Online Distributed Proofreading Team at https: //www.pgdp.net  (This file was produced from images generously made available by Brasiliana Digital.)",23 downloads in the last 30 days.,67935,,Portuguese,"PQ: Language and Literatures: Romance literatures: French, Italian, Spanish, Portuguese",,"Brazil: H. Garnier, Livreiro-Editor,1906.","Apr 26, 2022",Brazilian fiction -- 20th century,Reliquias de Casa Velha,https://www.gutenberg.org/ebooks/67935.txt.utf-8,"[{'url': 'https://www.gutenberg.org/ebooks/67935.txt.utf-8', 'path': '67935.txt', 'checksum': '65c5040776e2367cd11eaee506dd75e9', 'status': 'downloaded'}]"
"Curtis, William, 1746-1799",Text,[73]—Monsonia speciosa. [74]—Antirrhinum triste. [75]—Potentilla grandiflora. [76]—Epilobium angustissimum. [77]—Centaurea montana. [78]—Narcissus odorus. [79]—Lotus Jacobæus. [80]—Spigelia Marilandica. [81]—Colutea Arborescens. [82]—Lachenalia Tricolor. [83]—Hibiscus Syriacus. [84]—Tussilago Alpina. [85]—Spartium Jungeum. [86]—Gladiolus Communis. [87]—Hyoscyamus Aureus. [88]—Narcissus Bulbocodium. [89]—Viola Pedata. [90]—Gorteria Rigens. [91]—Iris Susiana. [92]—Saxifraga Sarmentosa. [93]—Sempervivum Monanthes. [94]—Sisyrinchium Irioides. [95]—Geranium Radula. [96]—Lantana Aculeata. [97]—Fuchsia Coccinea. [98]—Tropæolum Minus. [99]—Antirrhinum Purpureum. [100]—Lathyrus Tingitanus. [101]—Alyssum Halimifolium. [102]—Campanula Speculum. [103]—Pelargonium Acetosum. [104]—Lysimachia Bulbifera. [105]—Tradescantia Virginica. [106]—Iberis Umbellata. [107]—Cassia Chamæcrista. [108]—Anthyllis Tetraphylla.,Public domain in the USA.,"Produced by Jason Isbell, Janet Blenkinship and the Online Distributed Proofreaders Europe at http: //dp.rastko.net",24 downloads in the last 30 days.,17672,,English,QK: Science: Botany,,"LONDON: Printed by Couchman and Fry, Throgmorton-Street, For W. CURTIS, at his Botanic-Garden, Lambeth-Marsh; And Sold by the principal Booksellers in Great-Britain and Ireland. M DCC XC.","Feb 3, 2006",Botanical illustration -- Periodicals,"The Botanical Magazine, Vol. 03 Or, Flower-Garden Displayed",https://www.gutenberg.org/ebooks/17672.txt.utf-8,"[{'url': 'https://www.gutenberg.org/ebooks/17672.txt.utf-8', 'path': '17672.txt', 'checksum': 'e864ac3e91cc494b9bab607208a741c5', 'status': 'downloaded'}]"
"Gray, Asa, 1810-1888",Text,,Public domain in the USA.,"Produced by Chuck Greif, Jana Srna, Bryan Ness and the Online Distributed Proofreading Team at http: //www.pgdp.net (This file was produced from images generously made available by Biodiversity Heritage Library.)",25 downloads in the last 30 days.,55986,,English,QK: Science: Botany,,,"Nov 17, 2017",Botanists -- United States -- Correspondence,Letters of Asa Gray; Vol. 1,https://www.gutenberg.org/ebooks/55986.txt.utf-8,"[{'url': 'https://www.gutenberg.org/ebooks/55986.txt.utf-8', 'path': '55986.txt', 'checksum': '4ae2bf113bde2e0e19e159af5ec5ca3b', 'status': 'downloaded'}]"
"Singleton, Esther, 1865-1930",Text,,Public domain in the USA.,"ellinora, Alan and the Online Distributed Proofreading Team at http: //www.pgdp.net  (This file was produced from images generously made available by The Internet Archive/Canadian Libraries)",44 downloads in the last 30 days.,61325,,English,SB: Agriculture: Plant culture,22020854,,"Feb 5, 2020",Gardens -- History,The Shakespeare Garden,https://www.gutenberg.org/ebooks/61325.txt.utf-8,"[{'url': 'https://www.gutenberg.org/ebooks/61325.txt.utf-8', 'path': '61325.txt', 'checksum': '0c21972417e73c17509542e4fd6fd7a2', 'status': 'downloaded'}]"
"Webster, Angus D., 1855-1931",Text,,Public domain in the USA.,"Produced by Juliet Sutherland, Beth Trapaga and the Online Distributed Proofreading Team.",44 downloads in the last 30 days.,10852,,English,SB: Agriculture: Plant culture,,,"Jan 1, 2004",Flowering shrubs,Hardy Ornamental Flowering Trees and Shrubs,https://www.gutenberg.org/ebooks/10852.txt.utf-8,"[{'url': 'https://www.gutenberg.org/ebooks/10852.txt.utf-8', 'path': '10852.txt', 'checksum': 'c3b356d45732ca37f73afb8226598473', 'status': 'downloaded'}]"
"Waring, Edward John, 1819-1891",Text,,Public domain in the USA.,"Produced by Deaurider, Chris Pinfield and the Online Distributed Proofreading Team at http: //www.pgdp.net  (This file was produced from images generously made available by The Internet Archive)",45 downloads in the last 30 days.,58525,,English,RS: Medicine: Pharmacy and materia medica,,,"Dec 23, 2018","Materia medica, Vegetable -- India","Remarks on the Uses of some of the Bazaar Medicines and Common Medical Plants of India With a full index of diseases, indicating their treatment by these and other agents procurable throughout India; to which are added directions for treatment in cases of drowning, snake-bites &c.",https://www.gutenberg.org/ebooks/58525.txt.utf-8,"[{'url': 'https://www.gutenberg.org/ebooks/58525.txt.utf-8', 'path': '58525.txt', 'checksum': '9148979f8bb6e4d4dd14e1993f829bd4', 'status': 'downloaded'}]"
"Saunders, William, 1822-1900",Text,,Public domain in the USA.,Produced by Stephen Blundell and the Online Distributed Proofreading Team at http: //www.pgdp.net  (This file was produced from images generously made available by The Internet Archive/American Libraries.),46 downloads in the last 30 days.,24402,,English,SB: Agriculture: Plant culture,,,"Jan 22, 2008","Botany, Economic -- Catalogs and collections",Catalogue of Economic Plants in the Collection of the U. S. Department of Agriculture,https://www.gutenberg.org/ebooks/24402.txt.utf-8,"[{'url': 'https://www.gutenberg.org/ebooks/24402.txt.utf-8', 'path': '24402.txt', 'checksum': '076b5119a86b42d9a572f157c91d5fc9', 'status': 'downloaded'}]"
"Seward, A. C. (Albert Charles), 1863-1941",Text,,Public domain in the USA.,"Peter Becker, Robert Tonsing, Utrecht University and the Online Distributed Proofreading Team at https: //www.pgdp.net",46 downloads in the last 30 days.,68470,,English,QE: Science: Geology,,"en: Cambridge University Press,1910.","Jul 7, 2022",Paleobotany,"Fossil plants, Vol. 2: A text-book for students of botany and geology",https://www.gutenberg.org/ebooks/68470.txt.utf-8,"[{'url': 'https://www.gutenberg.org/ebooks/68470.txt.utf-8', 'path': '68470.txt', 'checksum': '551c3df52469eaf338f35f565139f94c', 'status': 'downloaded'}]"
"Seward, A. C. (Albert Charles), 1863-1941",Text,,Public domain in the USA.,"Peter Becker, Robert Tonsing and the Online Distributed Proofreading Team at https: //www.pgdp.net  (This file was produced from images generously made available by The Internet Archive)",49 downloads in the last 30 days.,68043,,English,QE: Science: Geology,,"en: Cambridge University Press,1898.","May 10, 2022",Paleobotany,"Fossil plants, Vol. 1: [A text-book] for students of botany and geology",https://www.gutenberg.org/ebooks/68043.txt.utf-8,"[{'url': 'https://www.gutenberg.org/ebooks/68043.txt.utf-8', 'path': '68043.txt', 'checksum': '661a7c7e5874a0e018d8b458da1e61bf', 'status': 'downloaded'}]"
"Paris, John Ayrton, 1785-1856",Text,,Public domain in the USA.,"Produced by Chris Curnow, Moti Ben-Ari and the Online Distributed Proofreading Team at http: //www.pgdp.net  (This file was produced from images generously made available by The Internet Archive)",49 downloads in the last 30 days.,48116,,English,"DA: History: General and Eastern Hemisphere: Great Britain, Ireland, Central Europe",,,"Jan 30, 2015",Cornwall (England : County) -- Guidebooks,"A Guide to the Mount's Bay and the Land's End Comprehending the topography, botany, agriculture, fisheries, antiquities, mining, mineralogy and geology of West Cornwall",https://www.gutenberg.org/ebooks/48116.txt.utf-8,"[{'url': 'https://www.gutenberg.org/ebooks/48116.txt.utf-8', 'path': '48116.txt', 'checksum': 'd41b34ebfb00a430ffa998fb26db1631', 'status': 'downloaded'}]"
"Grandville, J. J., 1803-1847",Text,,Public domain in the USA.,"Claudine Corbasson, Hans Pieterse and the Online Distributed Proofreading Team at https: //www.pgdp.net  (This file was produced from images generously made available by The Internet Archive/Canadian Libraries)",54 downloads in the last 30 days.,66839,Maubert,French,"NC: Fine Arts: Drawing, Design, Illustration",,,"Nov 29, 2021",Flowers in art,Les fleurs animées - Tome 2,https://www.gutenberg.org/ebooks/66839.txt.utf-8,"[{'url': 'https://www.gutenberg.org/ebooks/66839.txt.utf-8', 'path': '66839.txt', 'checksum': 'f647436f16685421ab14b0b6d06bc464', 'status': 'downloaded'}]"
"Young, Amelia",Text,,Public domain in the USA.,"Produced by MFR, Les Galloway and the Online Distributed Proofreading Team at http: //www.pgdp.net  (This file was produced from images generously made available by The Internet Archive)",56 downloads in the last 30 days.,53875,,English,RC: Medicine: Internal medicine,,,"Jan 3, 2017",Women physicians,"Madame Young's Guide to Health Her experience and practice for nearly forty years; a true family herbal, wherein is displayed the true properties and medical virtues of all the roots, herbs, &c., indigenous to the United States, and their combination in all the diseases the human body is heir to; also, an explanation of the human body, its liability to injuries through ignorance of its structure. Dedicated exclusively to her sex.",https://www.gutenberg.org/ebooks/53875.txt.utf-8,"[{'url': 'https://www.gutenberg.org/ebooks/53875.txt.utf-8', 'path': '53875.txt', 'checksum': '9c47bed3e9889aabf5a811d1f73a6932', 'status': 'downloaded'}]"
"Romero, John Bruno",Text,,Public domain in the USA.,Produced by Stephen Hutcheson and the Online Distributed Proofreading Team at http: //www.pgdp.net,57 downloads in the last 30 days.,55009,,English,QK: Science: Botany,54008325,,"Jun 30, 2017",Ethnobotany -- California -- Pacific Coast,The Botanical Lore of the California Indians with Side Lights on Historical Incidents in California,https://www.gutenberg.org/ebooks/55009.txt.utf-8,"[{'url': 'https://www.gutenberg.org/ebooks/55009.txt.utf-8', 'path': '55009.txt', 'checksum': 'cda91ce6c3116df4ce72f36c87830677', 'status': 'downloaded'}]"
"Humboldt, Alexander von, 1769-1859",Text,,Public domain in the USA.,,57 downloads in the last 30 days.,22761,,German,QK: Science: Botany,,,"Sep 24, 2007",Plant ecology,Ideen zu einer Physiognomik der Gewächse,https://www.gutenberg.org/ebooks/22761.txt.utf-8,"[{'url': 'https://www.gutenberg.org/ebooks/22761.txt.utf-8', 'path': '22761.txt', 'checksum': '4cacf957414873be74847ab89baa44a3', 'status': 'downloaded'}]"
"McFarland, J. Horace (John Horace), 1859-1948",Text,,Public domain in the USA.,Produced by Marilynda Fraser-Cunliffe and the Online Distributed Proofreading Team at http: //www.pgdp.net,57 downloads in the last 30 days.,28764,,English,QK: Science: Botany,,,"May 12, 2009",Trees,Getting Acquainted with the Trees,https://www.gutenberg.org/ebooks/28764.txt.utf-8,"[{'url': 'https://www.gutenberg.org/ebooks/28764.txt.utf-8', 'path': '28764.txt', 'checksum': '22e9e89b91ce307032fe4e9fe60df9af', 'status': 'downloaded'}]"
"Darwin, Charles, 1809-1882",Text,,Public domain in the USA.,Updated: 2021-10-11,60 downloads in the last 30 days.,5765,,English,QK: Science: Botany,,,"May 1, 2004",Plants -- Assimilation,Insectivorous Plants,https://www.gutenberg.org/ebooks/5765.txt.utf-8,"[{'url': 'https://www.gutenberg.org/ebooks/5765.txt.utf-8', 'path': '5765.txt', 'checksum': '2647e0a9b698182384fb395dc93cb0b7', 'status': 'downloaded'}]"
"Blanchan, Neltje, 1865-1918",Text,,Public domain in the USA.,,60 downloads in the last 30 days.,3003,,English,QK: Science: Botany,,,"Jan 1, 2002",Wild flowers -- North America,Wild Flowers An Aid to Knowledge of Our Wild Flowers and Their Insect Visitors,https://www.gutenberg.org/ebooks/3003.txt.utf-8,"[{'url': 'https://www.gutenberg.org/ebooks/3003.txt.utf-8', 'path': '3003.txt', 'checksum': 'd15b6cc0fc3408f1460bcdbba5b85337', 'status': 'downloaded'}]"
"Moore, Jane Newell, 1857-1945",Text,,Public domain in the USA.,,61 downloads in the last 30 days.,10726,,English,QK: Science: Botany,,,"Jan 1, 2004",Botany -- Juvenile literature,"Outlines of Lessons in Botany, Part I; from Seed to Leaf For the Use of Teachers, or Mothers Studying with Their Children",https://www.gutenberg.org/ebooks/10726.txt.utf-8,"[{'url': 'https://www.gutenberg.org/ebooks/10726.txt.utf-8', 'path': '10726.txt', 'checksum': '982508192685a9a76b01f1864ecae332', 'status': 'downloaded'}]"
"Darwin, Charles, 1809-1882",Text,,Public domain in the USA.,Updated: 2021-10-24,62 downloads in the last 30 days.,3807,,English,QK: Science: Botany,,,"Mar 1, 2003",Pollination,The Different Forms of Flowers on Plants of the Same Species,https://www.gutenberg.org/ebooks/3807.txt.utf-8,"[{'url': 'https://www.gutenberg.org/ebooks/3807.txt.utf-8', 'path': '3807.txt', 'checksum': 'caeba3eaccff45a06c1fa3b08e90eafa', 'status': 'downloaded'}]"
"Atkinson, George Francis, 1854-1918",Text,,Public domain in the USA.,Sonya Schermann and the Online Distributed Proofreading Team at https: //www.pgdp.net  (This file was produced from images generously made available by The Internet Archive),63 downloads in the last 30 days.,64601,,English,QK: Science: Botany,05036274,,"Feb 20, 2021",Botany -- Textbooks,Elementary Botany,https://www.gutenberg.org/ebooks/64601.txt.utf-8,"[{'url': 'https://www.gutenberg.org/ebooks/64601.txt.utf-8', 'path': '64601.txt', 'checksum': 'ba85fcf7b1649d97f46484073b02f18c', 'status': 'downloaded'}]"
"Linné, Carl von, 1707-1778",Text,,Public domain in the USA.,Updated: 2022-04-15,63 downloads in the last 30 days.,20771,,Latin,QK: Science: Botany,,,"Mar 8, 2007",Plants -- Early works to 1800,"Species Plantarum, Sections I-III",https://www.gutenberg.org/ebooks/20771.txt.utf-8,"[{'url': 'https://www.gutenberg.org/ebooks/20771.txt.utf-8', 'path': '20771.txt', 'checksum': 'cb842aeac6f12f0d65c753849dfbd779', 'status': 'downloaded'}]"
"Campbell, Douglas Houghton, 1859-1953",Text,,Public domain in the USA.,Updated: 2022-12-05,64 downloads in the last 30 days.,20390,,English,QK: Science: Botany,04030245,,"Jan 17, 2007",Botany -- Textbooks,Elements of Structural and Systematic Botany For High Schools and Elementary College Courses,https://www.gutenberg.org/ebooks/20390.txt.utf-8,"[{'url': 'https://www.gutenberg.org/ebooks/20390.txt.utf-8', 'path': '20390.txt', 'checksum': 'debabb044707cdf0bcca2c244a036dda', 'status': 'downloaded'}]"
,Text,"Dogs and men, by H.C. Merwin -- Jungle night, by W. Beebe -- The devil baby at Hull-House, by Jane Addams -- Every man's natural desire to be somebody else, by S.M. Crothers -- The temple's difficult door, by R.M. Gay -- Exile and postman, by Jean K. Mackenzie -- The life of adventure, by E.J. Goodspeed -- An indictment of intercollegiate athletics, by W.T. Foster -- Car-window botany, by Lida F. Baldwin -- Studies in solitude, by Fannie S. Gifford -- The Greek genius, by J.J. Chapman -- In praise of old ladies, by Lucy M. Donnelly -- A memory of old gentlemen, by Sharlot M. Hall -- Viola's lovers, by R.B. Kimball -- Haunted lives, by Laura S. Porter -- The Acropolis and Golgotha, by Anne C.E. Allinson -- The baptizing of the baby, by Elizabeth Taylor -- Biographical notes.",Public domain in the USA.,Produced by Chuck Greif and the Online Distributed Proofreading Team at http: //www.pgdp.net  (This file was produced from images available at The Internet Archive),66 downloads in the last 30 days.,38245,,English,PS: Language and Literatures: American and Canadian literature,,,"Dec 7, 2011",American essays,"Atlantic Classics, Second Series",https://www.gutenberg.org/ebooks/38245.txt.utf-8,"[{'url': 'https://www.gutenberg.org/ebooks/38245.txt.utf-8', 'path': '38245.txt', 'checksum': '0cacd496d264637cabee0de9301b646a', 'status': 'downloaded'}]"
"Gray, Asa, 1810-1888",Text,,Public domain in the USA.,"Produced by Curtis Weyant, Stephen H. Sentoff and the Online Distributed Proofreading Team at https: //www.pgdp.net",68 downloads in the last 30 days.,33757,,English,QK: Science: Botany,01000850,,"Sep 18, 2010",Plants,"The Elements of Botany, For Beginners and For Schools",https://www.gutenberg.org/ebooks/33757.txt.utf-8,"[{'url': 'https://www.gutenberg.org/ebooks/33757.txt.utf-8', 'path': '33757.txt', 'checksum': '07baf865d6ad48fe4007ab89491f2119', 'status': 'downloaded'}]"
"Reinhardt, Ludwig, 1864-1921",Text,,Public domain in the USA.,"Peter Becker, Reiner Ruf, the University of Michigan and the Online Distributed Proofreading Team at https: //www.pgdp.net  (This file was produced from images generously made available by The Internet Archive)",66 downloads in the last 30 days.,61775,,German,SB: Agriculture: Plant culture,,,"Apr 7, 2020","Botany, Economic","Kulturgeschichte der Nutzpflanzen, Band IV, 1. Hälfte",https://www.gutenberg.org/ebooks/61775.txt.utf-8,"[{'url': 'https://www.gutenberg.org/ebooks/61775.txt.utf-8', 'path': '61775.txt', 'checksum': '96c13e241bf05f55e863b89dfb88db12', 'status': 'downloaded'}]"
"Warming, Eugenius, 1841-1924",Text,,Public domain in the USA.,"Peter Becker, Karin Spence and the Online Distributed Proofreading Team at https: //www.pgdp.net  (This file was produced from images generously made available by The Internet Archive)",69 downloads in the last 30 days.,68580,,English,QK: Science: Botany,,"United Kingdom: Swan Sonnenschein,1895.","Jul 21, 2022",Plants -- Classification,A handbook of systematic botany,https://www.gutenberg.org/ebooks/68580.txt.utf-8,"[{'url': 'https://www.gutenberg.org/ebooks/68580.txt.utf-8', 'path': '68580.txt', 'checksum': '34bcefd570b2944d7cb9eaee3ea1a09f', 'status': 'downloaded'}]"
"Dame, Lorin Low, 1838-1903",Text,,Public domain in the USA.,"Produced by Juliet Sutherland, Janet Blenkinship, Joyce Wilson and the Online Distributed Proofreading Team at http: //www.pgdp.net",72 downloads in the last 30 days.,20467,,English,QK: Science: Botany,,,"Jan 28, 2007",Trees -- North America,Handbook of the Trees of New England,https://www.gutenberg.org/ebooks/20467.txt.utf-8,"[{'url': 'https://www.gutenberg.org/ebooks/20467.txt.utf-8', 'path': '20467.txt', 'checksum': '4a1d0a2df43cec68239d11dd5c1ad752', 'status': 'downloaded'}]"
"Bresadola, Giacomo, 1847-1929",Text,,Public domain in the USA.,"Produced by Carlo Traverso, Barbara Magni and the Online Distributed Proofreading Team at http: //www.pgdp.net  (This file was produced from images generously made available by The Internet Archive)",76 downloads in the last 30 days.,42198,,Italian,QK: Science: Botany,,,"Feb 25, 2013",Fungi -- Pictorial works,I funghi mangerecci e velenosi dell'Europa media con speciale riguardo a quelli che crescono nel Trentino - II edizione riveduta ed aumentata,https://www.gutenberg.org/ebooks/42198.txt.utf-8,"[{'url': 'https://www.gutenberg.org/ebooks/42198.txt.utf-8', 'path': '42198.txt', 'checksum': '68edd0d355aa90329fde9f329f356304', 'status': 'downloaded'}]"
"Mansfield, William James, 1878-",Text,,Public domain in the USA.,"Peter Becker, Susan Carr and the Online Distributed Proofreading Team at https: //www.pgdp.net  (This file was produced from images generously made available by The Internet Archive)",74 downloads in the last 30 days.,65569,,English,QK: Science: Botany,,,"Jun 8, 2021",Plant anatomy,Histology of medicinal plants,https://www.gutenberg.org/ebooks/65569.txt.utf-8,"[{'url': 'https://www.gutenberg.org/ebooks/65569.txt.utf-8', 'path': '65569.txt', 'checksum': '1d37e028560fa2f5bf4a74a6f87e9087', 'status': 'downloaded'}]"
"Candolle, Alphonse de, 1806-1893",Text,,Public domain in the USA.,"Produced by Chris Curnow, Turgut Dincer and the Online Distributed Proofreading Team at http: //www.pgdp.net  (This file was produced from images generously made available by The Internet Archive)",81 downloads in the last 30 days.,45917,,English,SB: Agriculture: Plant culture,,,"Jun 8, 2014","Botany, Economic",Origin of Cultivated Plants The International Scientific Series Volume XLVIII,https://www.gutenberg.org/ebooks/45917.txt.utf-8,"[{'url': 'https://www.gutenberg.org/ebooks/45917.txt.utf-8', 'path': '45917.txt', 'checksum': '2dcd005e2b678e8be4a5e19a97c90f1a', 'status': 'downloaded'}]"
"Darwin, Charles, 1809-1882",Text,,Public domain in the USA.,Updated: 2021-11-05,78 downloads in the last 30 days.,2485,,English,QK: Science: Botany,,,"Jan 1, 2001",Plants,The Movements and Habits of Climbing Plants,https://www.gutenberg.org/ebooks/2485.txt.utf-8,"[{'url': 'https://www.gutenberg.org/ebooks/2485.txt.utf-8', 'path': '2485.txt', 'checksum': 'ef5441d978c2406dbae903eab6212885', 'status': 'downloaded'}]"
"Tench, Watkin, 1759?-1833",Text,,Public domain in the USA.,Produced by Col Choat and Stuart Kidd,81 downloads in the last 30 days.,3535,,English,DU: History: General and Eastern Hemisphere: History of Oceania (South Seas),,,"May 8, 2006",Australia -- Discovery and exploration,A Narrative of the Expedition to Botany-Bay,https://www.gutenberg.org/ebooks/3535.txt.utf-8,"[{'url': 'https://www.gutenberg.org/ebooks/3535.txt.utf-8', 'path': '3535.txt', 'checksum': '2cdf1f2e64975064869d15ee0e2ba036', 'status': 'downloaded'}]"
"Merritt, Abraham, 1884-1943",Text,,Public domain in the USA.,Produced by Judith Boss.  HTML version by Al Haines.,226 downloads in the last 30 days.,765,,English,PS: Language and Literatures: American and Canadian literature,,,"Dec 1, 1996",Botanists -- Fiction,The Moon Pool,https://www.gutenberg.org/ebooks/765.txt.utf-8,"[{'url': 'https://www.gutenberg.org/ebooks/765.txt.utf-8', 'path': '765.txt', 'checksum': 'c6ff7b422d50c05cef94798625e2c1bf', 'status': 'downloaded'}]"
"Rohde, Eleanour Sinclair",Text,,Public domain in the USA.,"Produced by Suzanne Lybarger, Brian Janes, Sam W. and the Online Distributed Proofreading Team at http: //www.pgdp.net",354 downloads in the last 30 days.,33654,,English,QK: Science: Botany,,,"Sep 6, 2010",Herbals,The Old English Herbals,https://www.gutenberg.org/ebooks/33654.txt.utf-8,"[{'url': 'https://www.gutenberg.org/ebooks/33654.txt.utf-8', 'path': '33654.txt', 'checksum': 'eba8cd8717de4f126e9665997cd400e0', 'status': 'downloaded'}]"
"Levison, Jacob Joshua, 1881-",Text,,Public domain in the USA.,"Produced by Thaadd, Ben Beasley and the Online Distributed Proofreading Team at https: //www.pgdp.net",242 downloads in the last 30 days.,16116,,English,QK: Science: Botany,14014493,,"Jun 23, 2005",Trees,Studies of Trees,https://www.gutenberg.org/ebooks/16116.txt.utf-8,"[{'url': 'https://www.gutenberg.org/ebooks/16116.txt.utf-8', 'path': '16116.txt', 'checksum': 'ab03c0797d3bbc9454b156c8ce571014', 'status': 'downloaded'}]"
"Milne, A. A. (Alan Alexander), 1882-1956",Text,Corner-of-the-street -- Buckingham Palace -- Happiness -- The christening -- Puppy and I -- Twinkletoes -- The four friends -- Lines and squares -- Brownie -- Independence -- Nursery chairs -- Market Square -- Daffadowndilly -- Water-lilies -- Disobedience -- Spring morning -- The island -- The three foxes -- Politeness -- Jonathan Jo -- At the zoo -- Rice pudding -- Missing -- The King's breakfast -- Hoppity -- At home -- The wrong house -- Summer afternoon -- The dormouse and the doctor -- Shoes and stockings -- Sand-between-the-toes -- Knights and ladies -- Little Bo-Peep and Little Boy-Blue -- The mirror -- Halfway down -- The invaders -- Before tea -- Teddy bear -- Bad Sir Brian Botany -- In the fashion -- The alchemist -- Growing up -- If I were king -- Vespers.,Public domain in the USA.,"deaurider, David Wilson and the Online Distributed Proofreading Team at https: //www.pgdp.net  (This file was produced from images generously made available by The Internet Archive)",436 downloads in the last 30 days.,70271,"Shepard, Ernest H. (Ernest Howard), 1879-1976",English,PZ: Language and Literatures: Juvenile belles lettres,,"United States: E. P. Dutton Company, 1924, pubdate 1925.","Mar 12, 2023","Children's poetry, English",When we were very young,https://www.gutenberg.org/ebooks/70271.txt.utf-8,"[{'url': 'https://www.gutenberg.org/ebooks/70271.txt.utf-8', 'path': '70271.txt', 'checksum': '2c0d7b0f9976b730ab1df8cd5908e088', 'status': 'downloaded'}]"
"Pardo de Tavera, T. H. (Trinidad Hermenegildo), 1857-1925",Text,,Public domain in the USA.,"Produced by Bryan Ness, Jeroen Hellingman, and the Online Distributed Proofreading Team at https: //www.pgdp.net  (This book was produced from scanned images of public domain material from the Google Print project.)",712 downloads in the last 30 days.,26393,,English,QK: Science: Botany,,,"Aug 22, 2008",Botany -- Philippines,The Medicinal Plants of the Philippines,https://www.gutenberg.org/ebooks/26393.txt.utf-8,"[{'url': 'https://www.gutenberg.org/ebooks/26393.txt.utf-8', 'path': '26393.txt', 'checksum': 'fef59df330781ddae81beb19e34bce49', 'status': 'downloaded'}]"
"Lear, Edward, 1812-1888",Text,"A book of nonsense -- Nonsense songs, stories, botany, and alphabets -- More nonsense, pictures, rhymes, botany, etc. -- Laughable lyrics, a fourth book of nonsense poems, songs, botany, music, etc.",Public domain in the USA.,,646 downloads in the last 30 days.,13650,,English,PZ: Language and Literatures: Juvenile belles lettres,,,"Oct 8, 2004","Humorous poetry, English",Nonsense Books,https://www.gutenberg.org/ebooks/13650.txt.utf-8,"[{'url': 'https://www.gutenberg.org/ebooks/13650.txt.utf-8', 'path': '13650.txt', 'checksum': '180567e147a849256538d5137269ea4b', 'status': 'downloaded'}]"
"Culpeper, Nicholas, 1616-1654",Text,,Public domain in the USA.,"Produced by Chris Curnow, Emmy and the Online Distributed Proofreading Team at http: //www.pgdp.net  (This file was produced from images generously made available by The Internet Archive)  In loving memory of Poppy Curnow, who loved her herb garden.",1615 downloads in the last 30 days.,49513,,English,RS: Medicine: Pharmacy and materia medica,,,"Jul 24, 2015",Medicinal plants,"The Complete Herbal To which is now added, upwards of one hundred additional herbs, with a display of their medicinal and occult qualities physically applied to the cure of all disorders incident to mankind: to which are now first annexed, the English physician enlarged, and key to Physic.",https://www.gutenberg.org/ebooks/49513.txt.utf-8,"[{'url': 'https://www.gutenberg.org/ebooks/49513.txt.utf-8', 'path': '49513.txt', 'checksum': '6045492c573011256e70153310b513db', 'status': 'downloaded'}]"
"Parsons, Frances Theodora, 1861-1952",Text,,Public domain in the USA.,"Bob Taylor, the Online Distributed Proofreading Team at https: //www.pgdp.net  (This file was produced from images generously made available by The Internet Archive)",1028 downloads in the last 30 days.,71942,"Smith, Alice Josephine, 1859-1909",English,QK: Science: Botany,04009010,"New York: American Book Company, 1896.","Oct 23, 2023",Plants -- Juvenile literature,Plants and their children,https://www.gutenberg.org/ebooks/71942.txt.utf-8,"[{'url': 'https://www.gutenberg.org/ebooks/71942.txt.utf-8', 'path': '71942.txt', 'checksum': 'd60c5d5f6b39c458f3e1dbd29eb5ec6e', 'status': 'downloaded'}]"
